,ma_san_pham,ten_san_pham,diem_trung_binh
0,422208181,"Gel Dưỡng Megaduo Plus Giảm Mụn, Mờ Thâm 15g",4.8
1,204100018,Kem Dưỡng Eucerin Giúp Làm Giảm Dầu & Mụn 50ml,4.6
5,253900004,Serum Skin1004 Rau Má Làm Dịu & Hỗ Trợ Phục Hồi Da 55ml,4.7
6,422211276,Kem Chống Nắng Naris Cosmetics Dạng Gel Dưỡng Sáng Da 90g,4.7
7,100190059,"[Mini] Gel Rửa Mặt La Roche-Posay Dành Cho Da Dầu, Nhạy Cảm 50ml",4.7
8,422204902,Serum Garnier Tăng Cường Sáng Da Mờ Thâm 30ml,4.3
9,200400004,Nước Tẩy Trang Bioderma Dành Cho Da Dầu & Hỗn Hợp 500ml,4.9
10,211300002,Nước Hoa Hồng Simple Làm Dịu Da & Cấp Ẩm 200ml,4.8
11,422216416,Combo 2 Kem Chống Nắng La Roche-Posay Kiểm Soát Dầu SPF50+ 50ml,4.6
12,422203146,Sữa Chống Nắng Sunplay Hiệu Chỉnh Sắc Da 50g (Hồng),4.8
13,224100019,"Kem Dưỡng Hada Labo Sáng Da Chuyên Sâu, Giảm Thâm Sạm 50g",4.7
14,213300003,Sữa Chống Nắng Bioré Sáng Hồng Tự Nhiên SPF50+/PA++++ 30ml,4.7
15,100210015,"Serum Timeless Hyaluronic Acid Cấp Nước, Dưỡng Ẩm Da 30ml",4.8
16,422218905,Mặt Nạ Sur.Medic+ Cung Cấp Multi Vitamin 30g,5.0
17,422209045,Nước Tẩy Trang Swiss Image 3 Trong 1 Sạch Sâu 400ml,5.0
18,422203609,Sữa Dưỡng Ẩm Embryolisse Siêu Phục Hồi Da 30ml,4.7
19,223600035,"Nước Tẩy Trang Senka Cấp Ẩm, Dưỡng Sáng Da 230ml",4.8
20,318900002,Serum Klairs Vitamin C Cho Da Nhạy Cảm 35ml,4.5
21,422211183,Nước Tẩy Trang Garnier Dành Cho Da Dầu Và Mụn 400ml (Mới),4.7
22,100220035,Dung Dịch Tẩy Da Chết Paula’s Choice 2% BHA 30ml,4.9
23,422201822,Bông Tẩy Trang LilyBell Lilian Puff Cotton 222 Miếng,5.0
24,100230069,Bông Tẩy Trang Silcot Cơ Bản Hộp 82 Miếng,4.9
25,100150059,Xịt Khoáng Evoluderm Cấp Nước & Làm Dịu Da 150ml,4.6
26,224100009,Kem Rửa Mặt Hada Labo Sạch Sâu Dưỡng Ẩm 80g,4.8
27,422207150,"Mặt Nạ Banobagi Dưỡng Sáng, Làm Săn Chắc Da 30g (Tím)",4.8
29,204100019,Gel Rửa Mặt Eucerin Cho Da Nhờn Mụn 200ml,5.0
30,205100137,"Nước Tẩy Trang L'Oreal Tươi Mát Cho Da Dầu, Hỗn Hợp 400ml",4.7
31,204900013,Kem Chống Nắng La Roche-Posay Kiểm Soát Dầu SPF50+ 50ml,4.6
32,231100005,"Serum GoodnDoc Dưỡng Ẩm, Hỗ Trợ Phục Hồi Da 30ml",4.7
34,100180113,Kem Dưỡng Bioderma Hỗ Trợ Phục Hồi Da Tổn Thương 40ml,4.4
35,345800027,Miếng Dán Mụn Some By Mi 18 Miếng,4.6
38,226200018,Miếng Dán Mụn Acnes Giúp Giảm Mụn Sưng Viêm 24 Miếng,4.8
39,422204863,Set 3 Dao Cạo Lông Mày KAI Lưỡi Đơn Cán Ngắn CAML-3P4,30.0
40,422200236,Kem Chống Nắng MartiDerm Phổ Rộng Bảo Vệ Toàn Diện 40ml,5.0
41,422201374,Tẩy Da Chết Môi Cocoon Từ Cà Phê Đắk Lắk 5g,4.8
42,422208977,Sữa Rửa Mặt CeraVe Cho Da Thường Đến Khô 236ml,4.9
43,308100018,Mặt Nạ Cocoon Bí Đao Giảm Dầu & Mụn 30ml,4.9
44,422207826,Combo Kem Dưỡng Neutrogena Cấp Nước Cho Da Dầu 50g+15g,4.5
45,422202579,"Kem Dưỡng Angel's Liquid Dưỡng Sáng Da, Mờ Thâm Nám 50ml",4.5
46,223600034,Tinh Chất Chống Nắng Senka Nâng Tông Sáng Mượt Da Dầu 50g,4.6
47,422205053,"Tinh Chất Bí Đao Cocoon Làm Giảm Mụn, Mờ Thâm 70ml",4.5
49,249500019,Tinh Chất Chống Nắng Sunplay Hiệu Chỉnh Sắc Da 50g (Tím),4.4
50,201600198,Kem Chống Nắng Vichy Chống Bụi Mịn Cho Da Dầu Mụn 50ml,4.2
51,422215409,Phấn Nước Lime Kiềm Dầu No.10 Pink Vanilla Da Trắng Sáng 20g,40.0
52,222600014,Nước Xịt Khoáng Bio-essence Dưỡng Da Ẩm Mượt Mịn Màng 100ml,4.8
53,422211231,"Sữa Chống Nắng Acnes Ngăn Ngừa Mụn Cho Da Mụn, Nhạy Cảm 50g",5.0
54,422207810,"Toner Milaganics Hoa Cúc & AHA Ngừa Mụn, Giảm Dầu 250ml",4.6
55,422217292,Combo 2 Sữa Chống Nắng Sunplay Skin Aqua Dưỡng Da Sáng Mịn 25g,4.8
57,206400011,Kem Dưỡng Olay Ban Ngày Ngăn Ngừa 7 Dấu Hiệu Lão Hóa 50g,4.6
58,100540040,Son Dưỡng Môi Nivea Chuyên Sâu 4.8g,43.0
59,248700027,Xịt Chống Nắng Naris Cosmetics Dưỡng Sáng Da 90g,4.8
61,422209444,Tẩy Tế Bào Chết Môi Mediheal 10ml,4.3
63,422205673,Kem Dưỡng Cocoon Dạng Thạch Bí Đao Giảm Dầu & Mụn 30ml,4.6
64,422216487,Combo 2 Sữa Rửa Mặt Vichy Dạng Gel Làm Sạch Sâu Da Dầu Mụn 50ml,4.8
65,422219308,Combo 2 Sữa Chống Nắng Sunplay Bảo Vệ Vượt Trội 70g,4.9
66,422214342,"Serum Bye Bye Blemish Phục Hồi Da, Se Khít Lỗ Chân Lông 30ml",4.7
67,422204028,Kem Chống Nắng L'Oreal Mịn Nhẹ Kiềm Dầu Thoáng Mịn Da 50ml,4.1
68,422212361,Serum Chống Nắng Sunplay Ngừa Sạm Nám Dạng Sữa 50g,5.0
69,422217967,"Kem Dưỡng Torriden Làm Dịu, Phục Hồi Da Bị Tổn Thương 80ml",5.0
70,204100013,Kem Dưỡng Ẩm Eucerin Chuyên Sâu Cho Da Khô 50ml,4.8
73,422204231,Serum Balance Active Formula Ngừa Mụn Mờ Thâm 30ml,4.6
75,249500007,Sữa Chống Nắng Sunplay Skin Aqua Dưỡng Da Sáng Mịn 55g,4.8
77,422204777,Kem Chống Nắng Hatomugi Dưỡng Ẩm & Làm Sáng Da 80g,4.1
78,256700012,Gel Nha Đam Milaganics Dưỡng Ẩm & Làm Mềm Da 150ml,4.8
79,248700035,Kem Chống Nắng Naris Cosmetics Dạng Gel Nâng Tone Da 80g,4.7
81,422216352,Kem Dưỡng La Roche-Posay Giảm Mụn Hiệu Quả 40ml,4.9
84,327500002,"Gel Dưỡng Megaduo Giảm Mụn, Mờ Thâm 15g",4.8
85,200500095,Mặt Nạ Ngủ Môi Laneige Hương Quả Mọng 20g,4.8
86,422205345,"Serum Care:Nel Làm Sáng Da, Giảm Mụn Thâm 30ml",5.0
87,422204947,Combo 3 Bông Tẩy Trang Ceiba 100% Chất Liệu Cotton 140 Miếng,4.7
88,422203301,Bông Tẩy Trang Mihoo Kokimi Bông Vuông Túi 240 Miếng,4.6
89,422200152,Serum L'Oreal Hyaluronic Acid Cấp Ẩm Sáng Da 30ml,5.0
90,207500008,Combo 3 Hộp Bông Tẩy Trang Silcot Cao Cấp 66 Miếng,4.9
91,422203807,Combo 2 Bông Tẩy Trang Ipek 150 Miếng,3.9
92,422203927,Bút Kẻ Mắt Nước Vacosi Siêu Lì Sắc Mảnh Màu Đen #01 5ml,32.0
93,249400088,Chì Kẻ Viền Mắt Silkygirl Màu Đen 01 Blackest Black,37.0
95,249400219,Bút Kẻ Mắt Nước Silkygirl Lâu Trôi 0.5g,42.0
96,345800002,Serum Some By Mi AHA-BHA-PHA Cho Da Mụn 50ml,4.5
97,223600058,Mặt Nạ Ngủ Senka Cấp Ẩm Chuyên Sâu Dạng Gel 50g,4.7
98,331300019,Gel Dưỡng Da Curél Dành Cho Da Dầu 120ml,5.0
99,377400002,"Toner Derladie Cây Phỉ Ngừa Mụn, Làm Sạch Da 500ml",4.9
100,422207413,Tinh Chất Chống Nắng Sunplay Hiệu Chỉnh Sắc Da 50g (Cam),4.4
101,422207629,Kem Giảm Mụn Acnes Chuyên Sâu 10g,4.9
102,422200305,[Mini] Kem Dưỡng Neutrogena Cấp Nước Cho Da Dầu 15g,4.5
104,253900006,Kem Chống Nắng Skin1004 Cho Da Nhạy Cảm SPF 50+ 50ml,4.6
106,422211501,Sữa Rửa Mặt Eucerin Dịu Nhẹ Cho Da Nhạy Cảm 100ml (Mới),4.5
107,204100003,Kem Chống Nắng Eucerin Kiềm Dầu & Ngừa Mụn 50ml,4.7
108,100750024,Bấm Mi Vacosi Modern Lash Curler Cán Đen BM03,43.0
109,318100027,Bấm Mi Mira B616,40.0
111,422205003,Bấm Mi Hiệu TRIM Cao Cấp Eyelash Curler 1 Cái,23.0
113,422202632,"Kem Dưỡng Bio-essence Cấp Ẩm Sâu, Ngăn Bụi Bẩn 50g",4.9
114,248700074,Kem Dưỡng Naris Nature Làm Sáng Da Ban Ngày SPF20 PA+ 40g,4.8
115,422215666,Sữa Chống Nắng Cocoon Chiết Xuất Bí Đao Quang Phổ Rộng 15ml,4.8
116,422210146,Kem Chống Nắng Cell Fusion C Nâng Tông Da 35ml,4.6
118,422203776,Combo 4 Bông Tẩy Trang Ipek 150 Miếng,3.9
119,422203302,Bông Tẩy Trang Mihoo Kokimi Bông Tròn Túi 210 miếng,4.6
122,422203300,Bông Tẩy Trang Mihoo Kokimi Bông Tròn Túi 155 Miếng,4.6
124,355500011,Mặt Nạ Avander Đất Sét Trắng Se Khít Lỗ Chân Lông 110g,4.1
125,243300007,Bông Tẩy Trang Ipek 150 Miếng,3.9
126,422208807,[Mini] Nước Tẩy Trang L'Oreal Làm Sạch Sâu Cho Da Dầu 95ml,4.7
127,206700001,Mặt Nạ Purederm Sủi Bọt Thải Độc Da 20g,4.4
128,253900007,Sữa Rửa Mặt Skin1004 Làm Sạch Sâu Cho Da Nhạy Cảm 125ml,4.7
129,248700001,Sữa Rửa Mặt Naris Acmedica Chăm Sóc Da Mụn 100g,4.6
130,213300064,Sữa Rửa Mặt Bioré Thanh Lọc Da - Ngừa Mụn 100g,4.7
131,331300002,Sữa Rửa Mặt Curél Dạng Bọt Cấp Ẩm Chuyên Sâu 150ml,4.5
132,343100041,Sữa Rửa Mặt B.O.M Từ 8 Loại Trà Làm Sạch Sâu Da 150ml,4.6
133,422214146,Combo 2 Sữa Rửa Mặt Simple Giúp Da Sạch Thoáng 150ml,4.7
135,377400001,"Nước Tẩy Trang Derladie Ngừa Mụn, Hỗ Trợ Làm Sạch Da 500ml",4.6
136,422215947,"Sữa Rửa Mặt Embryolisse Làm Sạch Sâu, Chống Oxy Hóa 200ml",4.0
137,422205804,Mặt Nạ Nature Republic Chiết Xuất Cam Dưỡng Sáng Da 23ml,4.6
139,357100008,Kem Dưỡng Hatomugi Cấp Ẩm & Làm Sáng Da 300g,4.5
140,205100146,Nước Tẩy Trang L'Oreal Làm Sạch Sâu Trang Điểm 400ml,4.7
142,422211447,Combo 2 Nước Tẩy Trang L'Oreal Căng Mịn Da 400ml,4.7
145,365000017,"Mặt Nạ Foodaholic Vitamin E Cấp Ẩm, Phục Hồi Da 23g",4.6
147,224100022,Dầu Tẩy Trang Hada Labo Sạch Sâu Dưỡng Ẩm Tối Ưu 200ml,4.9
148,422213992,Serum Garnier Tăng Cường Sáng Da Mờ Thâm Ban Đêm 30ml,4.3
149,422208976,Sữa Rửa Mặt CeraVe Cho Da Thường Đến Khô 88ml,4.9
150,256700001,"Bột Cám Gạo Milaganics Dưỡng Da Sáng Mịn, Mờ Thâm 100g",4.9
151,256700006,Bột Yến Mạch Milaganics Ngăn Ngừa Lão Hóa & Mụn 100g (Túi),4.5
152,422207815,"Bột Đậu Đỏ Milaganics Ngừa Mụn, Dưỡng Sáng Da 100g (Hũ)",4.6
159,422201504,Nước Tẩy Trang Bí Đao Cocoon Làm Sạch & Giảm Dầu 500ml,4.9
160,422218365,Sữa Chống Nắng Anessa Dưỡng Da Kiềm Dầu 20ml (Mới),4.9
161,422203282,Serum Paula's Choice Se Khít Lỗ Chân Lông Tối Ưu 20ml,4.8
162,100240016,Dung Dịch Tẩy Da Chết Paula’s Choice 2% BHA 118ml,4.9
163,422201090,"Kem Dưỡng Mắt Sur.Medic+ Giảm Nếp Nhăn, Ngăn Lão Hóa 35ml",4.8
164,422211878,[Mini] Serum Skin1004 Rau Má Giảm Mụn & Phục Hồi Da 30ml,4.7
165,422204775,Nước Dưỡng Da Chinoshio Dokudami Chiết Xuất Lá Diếp Cá 500ml,4.8
168,422202569,Sữa Rửa Mặt Eucerin Dịu Nhẹ Cho Da Nhạy Cảm 400ml,4.5
171,422204906,Nước Tẩy Trang Garnier Vitamin C Làm Sáng Da 400ml,4.7
172,200400003,Nước Tẩy Trang Bioderma Dành Cho Da Nhạy Cảm 500ml,4.9
173,256700011,Mascara Dưỡng Mi Milaganics Dầu Dừa Nguyên Chất 5ml,4.8
176,211300007,Sữa Rửa Mặt Simple Giúp Da Sạch Thoáng 150ml,4.7
177,331300010,Son Dưỡng Môi Curél Cấp Ẩm Chuyên Sâu Không Màu 4.2g,40.0
178,331300023,Sữa Chống Nắng Curél Mặt & Toàn Thân Cho Da Khô Nhạy Cảm 60ml,4.1
181,248700054,Gel Chấm Mụn Naris Cosmetics Acne Grand 20g,4.9
183,422207866,Sữa Rửa Mặt Cetaphil Dịu Lành Cho Da Nhạy Cảm 250ml (Mới),4.5
185,422208974,Sữa Rửa Mặt CeraVe Sạch Sâu Cho Da Thường Đến Da Dầu 88ml,4.9
186,422208983,Kem Dưỡng CeraVe Cho Da Khô Đến Rất Khô 50ml,4.7
187,345800003,Kem Dưỡng Some By Mi Hỗ Trợ Giảm Mụn 60g,4.6
188,224100029,Dung Dịch Hada Labo Gokujyun Dưỡng Ẩm Da Tối Ưu 170ml,4.9
189,204900009,Nước Tẩy Trang La Roche-Posay Dành Cho Da Nhạy Cảm 200ml,4.8
190,422207414,Sữa Chống Nắng Sunplay Hiệu Chỉnh Sắc Da 50g (Cam),4.8
192,422220469,Combo 2 Kem Dưỡng Ẩm Neutrogena Cấp Nước Cho Da Dầu 50g,4.5
193,249500013,Sữa Chống Nắng Sunplay Skin Aqua Dưỡng Da Sáng Mịn 25g,4.8
194,100180148,Kem Dưỡng Bioderma Giúp Se Khít Lỗ Chân Lông 30ml,4.7
195,343100024,Kem Chống Nắng B.O.M Nâng Tông Dịu Nhẹ 50ml,4.8
197,308500001,Sữa Rửa Mặt Naruko Dạng Bùn Tràm Trà 120ml,4.9
200,422207844,"Serum oh!oh! Dưỡng Sáng Da, Giảm Thâm Nám 30ml",5.0
201,422211490,Combo 2 Sữa Rửa Mặt Senka Tạo Bọt Chiết Xuất Tơ Tằm Trắng 120g,4.4
203,422215804,Combo 2 Sữa Chống Nắng Sunplay Skin Aqua Dưỡng Da Sáng Mịn 55g,4.8
205,204900159,Combo 4 Gel Rửa Mặt La Roche-Posay Cho Da Dầu Nhạy Cảm 50ml,4.7
207,422203145,Tinh Chất Chống Nắng Sunplay Hiệu Chỉnh Sắc Da 50g (Hồng),4.4
209,422212870,[Mini] Gel Rửa Mặt Bioderma Tạo Bọt Cho Da Nhạy Cảm 45ml,5.0
212,422216603,Combo 2 Nước Tẩy Trang La Roche-Posay Dành Cho Da Nhạy Cảm 400ml,4.8
215,308900002,Tinh Chất Chống Nắng Tenamyd Dạng Nước SPF50/PA+++ 70ml,4.8
221,422206043,Sữa Rửa Mặt St.Ives Tẩy Tế Bào Chết Hoa Hồng & Lô Hội 170g,4.8
223,5,,
224,422205163,Hộp 10 Miếng Mặt Nạ Naruko Ý Dĩ Nhân Đỏ Se Lỗ Chân Lông,4.9
225,318900012,Nước Hoa Hồng Klairs Không Mùi Cho Da Nhạy Cảm 180ml,4.8
226,249500014,Sữa Chống Nắng Sunplay Skin Aqua Dưỡng Da Ngừa Mụn 25g,4.9
227,422206648,Nước Tẩy Trang L'Oreal Căng Mịn Da 400ml,4.7
231,422209719,"Combo Mặt Nạ Banobagi Dưỡng Sáng, Se Lỗ Chân Lông 30gx10",4.8
233,204900010,"Nước Tẩy Trang La Roche-Posay Cho Da Dầu, Nhạy Cảm 200ml",4.5
237,422204795,"Gel Rửa Mặt Cosrx Tràm Trà, 0.5% BHA Có Độ pH Thấp 150ml",4.9
239,422212871,"Combo 10 Mặt Nạ Caryophy Giảm Mụn, Thâm & Dưỡng Ẩm Da 22g",5.0
241,205600318,Chì Kẻ Mày Maybelline Nâu Tự Nhiên Natural Brown 0.16g,36.0
242,335500038,Chì Kẻ Mày Lemonade 2 Đầu Màu Nâu Sáng 2g+2ml,40.0
243,100230026,Nước Hoa Hồng Evoluderm Dành Cho Da Khô Và Nhạy Cảm 250ml,4.8
244,224100002,Dung Dịch Hada Labo Dưỡng Ẩm Tối Ưu Cho Da Dầu 100ml,4.1
247,422207812,Combo Cocoon Big Size Tẩy Da Chết Toàn Thân 600ml & Mặt Từ Cà Phê Đắk Lắk 150ml,5.0
249,204100070,Serum Eucerin Cấp Ẩm & Ngăn Ngừa Lão Hóa 30ml,4.9
250,422207562,Combo 2 Nước Tẩy Trang Cocoon Bí Đao Làm Sạch & Giảm Dầu 140ml,4.9
251,204100023,Gel Giảm Mụn Eucerin Dành Cho Mụn Viêm & Không Viêm 40ml,4.9
253,422208345,Kem Chống Nắng Hatomugi Nâng Tông & Dưỡng Ẩm Da 70g (Xanh Bạc Hà),4.1
254,422203449,Chấm Mụn Neogen Dermalogy Hỗ Trợ Giảm Sưng Viêm 15ml,4.7
264,249500027,Tinh Chất Chống Nắng Sunplay Hiệu Chỉnh Sắc Da 50g (Xanh),4.4
265,222600030,Nước Dưỡng Bio-essence Vàng 24K Ngừa Lão Hoá Da 150ml,5.0
266,422208981,Kem Dưỡng CeraVe Cho Da Khô Đến Rất Khô 340g,4.7
267,422216990,"Serum Chống Nắng L'Oreal Phổ Rộng Mỏng Nhẹ, Bảo Vệ Da 30ml",4.1
268,422203371,Tinh Chất Chống Nắng Bioré UV Sáng Rạng Rỡ 70g,4.3
269,422205335,"Tinh Chất Dưỡng Môi Senka Cấp Ẩm & Ngừa Khô, Nẻ Môi 10g",40.0
271,422201725,Kem Dưỡng B.O.M Chiết Xuất 8 Loại Trà Cấp Ẩm Da 50g,5.0
272,358300001,"Kem Dưỡng Angel's Liquid Làm Sáng Da, Mờ Thâm 50ml",4.5
273,422208242,Tinh Chất Cocoon Nghệ Hưng Yên x2.2 Sáng Da Chuyên Sâu 30ml,4.8
274,345800009,"Mặt Nạ Some By Mi Tràm Trà Làm Dịu Da, Giảm Mụn 25g",4.9
275,318900019,Kem Dưỡng Ẩm Klairs Làm Dịu & Phục Hồi Da Ban Đêm 30ml,4.8
276,318900005,Kem Dưỡng Ẩm Klairs Làm Dịu & Phục Hồi Da Ban Đêm 60g,4.8
281,253900010,Kem Dưỡng Skin1004 Làm Dịu Da Chiết Xuất Rau Má 75ml,4.3
282,422209427,Mặt Nạ Mediheal Collagen Ngăn Ngừa Lão Hóa Da 24ml,4.0
283,422212330,Combo Cocoon Kem Chống Nắng 50ml + Nước Tẩy Trang Bí Đao 500ml,4.6
284,422209052,"Kem Dưỡng Swiss Image Sáng Da, Giảm Thâm Nám Ban Đêm 50ml",4.9
286,248700055,Sữa Dưỡng Naris Cosmetics Hyaluronic Acid Cấp Ẩm Da 150ml,5.0
288,422203617,Sữa Dưỡng Ẩm Embryolisse Siêu Phục Hồi Da 75ml,4.7
290,422216354,Kem Dưỡng La Roche-Posay Giảm Mụn Hiệu Quả 7.5ml,4.9
293,358300002,"Serum Angel's Liquid Dưỡng Sáng Da, Mờ Thâm 30ml",4.7
295,422201092,Mặt Nạ Sur.Medic+ Cấp Nước & Cấp Ẩm Chuyên Sâu 30g,5.0
296,422209720,"Combo Mặt Nạ Banobagi Dưỡng Sáng, Hỗ Trợ Nâng Cơ 30gx10",4.8
297,422211226,Son Kem Maybelline Mịn Lì Như Nhung CM17 Hạt Dẻ 6.4ml,47.0
299,422212100,Kem Chống Nắng Skin1004 Cho Da Nhạy Cảm SPF 50+ 20ml,4.6
301,422209042,Gel Rửa Mặt Swiss Image Cho Da Hỗn Hợp Và Dầu Mụn 200ml,5.0
302,248700057,Kem Dưỡng Naris Cosmetics Cấp Ẩm Chuyên Sâu 48g,5.0
303,422214044,Combo 2 Kem Chống Nắng Cocoon Bí Đao Quang Phổ Rộng 50ml,4.6
304,422218203,Combo 10 Mặt Nạ Colorkey Dưỡng Ẩm Sáng Da Với Niacinamide 25ml,4.0
311,345800015,"Serum Some By Mi Ốc Sên Phục Hồi Da, Mờ Thâm Sẹo 50ml",4.7
312,100210023,Serum Timeless Vitamin B5 Làm Dịu & Phục Hồi Da 30ml,4.9
313,371600006,"Serum Balance Active Formula Làm Sáng Da, Mờ Thâm 30ml",4.7
318,213300007,Sữa Chống Nắng Bioré Chống Thấm Nước SPF 50+/PA++++ 40ml,4.8
323,422209663,Combo 2 Kem Dưỡng Ẩm Neutrogena Cấp Nước Cho Da Dầu 15g,4.5
324,422209048,"Kem Dưỡng Ẩm Swiss Image Phục Hồi, Tái Tạo Da Ban Đêm 50ml",4.8
325,422209047,Kem Dưỡng Ẩm Swiss Image Chống Nắng Ban Ngày 50ml,4.8
330,248700076,Kem Dưỡng Naris Nature Làm Sáng Da Ban Đêm 50g,4.8
337,345800013,Kem Chống Nắng Some By Mi Nâng Tông Da 50ml,4.3
339,237800005,Bông Tẩy Trang Mihoo Bông Tròn Túi 200 Miếng,4.8
343,100160021,Kem Chống Nắng Vichy Có Màu Thoáng Mịn Ngăn Sạm Da 50ml,4.2
344,422200342,"Kem Dưỡng Avène Hỗ Trợ Làm Lành Da, Ngừa Nhiễm Khuẩn 15ml",4.9
348,422204167,"Kem Dưỡng Avène Làm Lành Da Nội Sinh, Ngừa Nhiễm Khuẩn 40ml",4.9
350,224100007,Kem Dưỡng Ẩm Hada Labo Tối Ưu Cho Mọi Loại Da 50g,4.2
351,213300093,Essence Chống Nắng Bioré Màng Nước Dưỡng Ẩm Da 85g,3.4
352,248700042,Kem Dưỡng Naris Cosmetics Collagen Ngừa Lão Hóa Da 48g,4.9
354,422215096,Serum Bioderma Dưỡng Ẩm Và Làm Dịu Dành Cho Da Nhạy Cảm 30ml,4.0
356,422214672,Sữa Chống Nắng La Roche-Posay Cho Da Dầu Mụn 50ml,3.7
358,422209296,Nước Tẩy Trang Hada Labo Sạch Sâu Dưỡng Sáng 240ml,5.0
360,422208973,Sữa Rửa Mặt CeraVe Sạch Sâu Cho Da Thường Đến Da Dầu 473ml,4.9
362,308500015,"Mặt Nạ Naruko Bạch Ngọc Lan Dưỡng Sáng, Săn Chắc Da 30ml",4.9
363,422204259,Nước Tẩy Trang L'Oreal Làm Sạch Sâu Cho Da Dầu 400ml,4.7
366,204000033,Nước Hoa Hồng Evoluderm Dành Cho Da Khô Và Nhạy Cảm 500ml,4.8
367,100750038,Nước Tẩy Trang Byphasse Cho Mọi Loại Da 500ml,4.6
369,422211446,"Combo 2 Nước Tẩy Trang L'Oreal Tươi Mát Cho Da Dầu, Hỗn Hợp 400ml",4.7
374,204100054,Gel Rửa Mặt Eucerin Cho Da Nhờn Mụn 400ml,5.0
375,357100011,"Sữa Rửa Mặt Hatomugi Ý Dĩ Hỗ Trợ Dưỡng Ẩm, Sáng Da 170g",4.5
377,207300009,Sữa Rửa Mặt St.Ives Tẩy Tế Bào Chết Cà Phê & Dừa 170g,4.8
378,343100029,Nước Tẩy Trang B.O.M Từ 8 Loại Trà Làm Sạch Da 500ml,4.9
379,422207283,Kem Chống Nắng Eucerin Kiềm Dầu (Có Màu) 50ml,4.7
382,365000011,Mặt Nạ Foodaholic Chiết Xuất Ngọc Trai Dưỡng Ẩm Da 23g,4.6
384,422202580,"Ampoule Angel's Liquid Dưỡng Sáng Da, Mờ Thâm Nám 30ml",4.7
385,100210016,"Serum Timeless HA + Vitamin C Cấp Ẩm, Làm Sáng Da 30ml",4.5
389,100230070,Bông Tẩy Trang Silcot Cao Cấp Hộp 66 Miếng,4.9
392,207500001,Combo 2 Hộp Bông Tẩy Trang Silcot Cơ Bản 82 Miếng,4.9
395,422203809,Combo 3 Bông Tẩy Trang Ipek 150 Miếng,3.9
399,308500018,Mặt Nạ Naruko Hoa Thủy Tiên Hỗ Trợ Phục Hồi Da 25ml,4.9
401,214000001,"Serum Melano CC Dưỡng Sáng Da, Ngừa Thâm Nám 20ml",4.5
404,422206537,Gel Rửa Mặt Eucerin Cho Da Nhờn Mụn 75ml,5.0
408,422200002,Mặt Nạ Sur.Medic+ Tinh Chất Glutathione Làm Sáng Da 30g,4.8
409,345800028,"Kem Dưỡng Some By Mi Ốc Sên Phục Hồi Da, Mờ Thâm Sẹo 60g",4.3
412,422222786,Combo 2 Sữa Chống Nắng Cocoon Bí Đao Quang Phổ Rộng 50ml,4.8
414,422201123,Combo Sunplay Sữa Chống Nắng Ngăn Sạm & Hiệu Chỉnh Sắc Da,4.0
417,100160022,Kem Chống Nắng Vichy Thoáng Nhẹ Không Bóng Dầu SPF 50 50ml,4.4
418,253900003,Serum Skin1004 Rau Má Làm Dịu & Hỗ Trợ Phục Hồi Da 100ml,4.7
419,345800001,Nước Hoa Hồng Some By Mi AHA-BHA-PHA Cho Da Mụn 150ml,4.9
422,200400041,"Kem Chống Nắng Bioderma Dành Cho Da Dầu, Mụn SPF30 40ml",4.0
438,422212360,Serum Chống Nắng Sunplay Ngừa Sạm Nám Dạng Tinh Chất 50g,5.0
442,422211997,"Combo 2 Kem Chống Nắng Caryophy Nâng Tone, Ngừa Mụn 50ml",4.3
443,422219577,Combo 2 Sữa Chống Nắng Anessa Cho Da Nhạy Cảm & Trẻ Em 60ml (Mới),4.9
454,422204027,Kem Chống Nắng L'Oreal Mịn Nhẹ Nâng Tông Giảm Thâm 50ml,4.1
455,249500021,Sữa Chống Nắng Sunplay Hiệu Chỉnh Sắc Da 50g (Tím),4.8
458,213300016,Sữa Chống Nắng Bioré Bảo Vệ Hoàn Hảo - Sáng Mịn 25ml,4.9
461,422204388,"Kem Chống Nắng Caryophy Nâng Tone, Ngừa Mụn 50ml",4.3
468,249500011,Sữa Chống Nắng Sunplay Bảo Vệ Vượt Trội SPF81 PA++++ 70g,4.9
476,422212097,Sữa Chống Nắng Senka Cho Da Nhạy Cảm 40ml,4.6
483,224100001,"Dung Dịch Hada Labo Dưỡng Ẩm Tối Ưu Da Thường, Khô 100ml",5.0
484,422210400,Kem Chống Nắng L'Oreal Paris X20 Thoáng Da Mỏng Nhẹ 50ml,4.1
488,213300001,Sữa Chống Nắng Bioré Bảo Vệ Hoàn Hảo - Mát Lạnh 25ml,4.9
506,335100004,Kem Rửa Mặt Oxy Có Hạt Làm Sạch Sâu Giảm Nhờn 100g,5.0
512,100150058,Xịt Khoáng Evoluderm Cấp Nước & Làm Dịu Da 400ml,4.6
516,100230057,Nước Tẩy Trang Bioderma Dành Cho Da Nhạy Cảm 250ml,4.9
521,100220037,Sữa Rửa Mặt St.Ives Tẩy Tế Bào Chết Trái Mơ Tươi Mát 170g,4.8
522,422211489,"Combo 2 Nước Tẩy Trang Senka Ngừa Mụn, Kiểm Soát Nhờn 230ml",4.8
526,422209718,"Combo Mặt Nạ Banobagi Dưỡng Sáng, Cấp Nước Cho Da 30gx10",4.8
528,422210784,Combo 8 Gel Rửa Mặt La Roche-Posay Cho Da Dầu Nhạy Cảm 50ml,4.7
535,355500010,Mặt Nạ Avander Đất Sét Bùn Non Se Khít Lỗ Chân Lông 110g,4.1
536,422217029,Bộ Gel Rửa Mặt SVR Không Chứa Xà Phòng Cho Da Dầu 200ml + 55ml,4.8
543,422209322,Sữa Rửa Mặt Cetaphil Dịu Lành Cho Da Nhạy Cảm 500ml (Mới),4.5
547,422210956,Dầu Tẩy Trang Kosé Softymo Làm Sạch Sâu Lỗ Chân Lông 230ml,5.0
549,422216594,Combo 2 Nước Tẩy Trang Bioderma Dành Cho Da Dầu & Hỗn Hợp 500ml,4.9
550,422207808,"Dầu Olive Milaganics Nguyên Chất Dưỡng Da, Dưỡng Tóc 250ml",5.0
552,248700003,Gel Dưỡng Mắt Naris Cosmetics Ngừa Thâm & Nếp Nhăn 20g,4.9
553,422207108,Set 5 Dao Cạo Chân Mày KAI Face Eyebrow Razor,40.0
554,208000001,"Serum Timeless Hyaluronic Acid Cấp Nước, Dưỡng Ẩm Da 60ml",4.8
558,422208913,"Serum Garnier Giảm Mụn Mờ Thâm Cho Da Dầu, Mụn 30ml",4.8
559,100210020,Bút Chấm Eucerin Chuyên Biệt Mờ Đốm Nâu & Thâm Nám 5ml,4.7
562,204000071,Nước Hoa Hồng Evoluderm Cho Da Hỗn Hợp Và Dầu Mụn 250ml,4.8
564,204900004,"Gel Rửa Mặt La Roche-Posay Dành Cho Da Dầu, Nhạy Cảm 200ml",4.7
566,343700002,Gel Dưỡng I'm from Dưỡng Ẩm Và Kiểm Soát Dầu 75g,4.3
567,248100018,Nước Hoa Hồng EVELINE Chiết Xuất Trà Matcha 400ml,5.0
568,422207807,Kem Dưỡng Ẩm Milaganics Tinh Dầu Tràm Trà Cho Da Mụn 50g,4.7
569,256700023,Lipgloss Dưỡng Môi Milaganics Dầu Dừa 5ml,47.0
577,248700034,Sữa Dưỡng Naris Acne Grand Cho Da Mụn 160ml,4.7
580,422214321,Combo 2 Kem Chống Nắng L'Oreal Paris X20 Thoáng Da Mỏng Nhẹ 50ml,4.1
581,222600006,Gel Tẩy Tế Bào Chết Bio-essence Dưỡng Da Tươi Trẻ 60g,5.0
583,224100008,"Kem Rửa Mặt Hada Labo Sạch Sâu, Dưỡng Sáng Da 80g",4.9
587,422204281,Gel Rửa Mặt Bioderma Dành Cho Da Dầu & Hỗn Hợp 200ml (Tuýp),4.7
592,422218746,Mặt Nạ Ngủ Môi Care:Nel Chiết Xuất Quả Lựu 23g,4.8
597,422207417,Miếng Dán Mụn Acnes Giúp Giảm Mụn Sưng Viêm 48 Miếng,4.8
598,422217480,Toner Eucerin Dành Cho Da Nhờn Mụn 100ml,4.8
602,249500004,Sữa Chống Nắng Sunplay Dưỡng Da Sáng Đẹp 30g,4.8
610,318900011,Nước Hoa Hồng Klairs Dành Cho Da Nhạy Cảm 180ml,4.8
612,371600007,Serum Balance Active Formula Cấp Nước Dưỡng Ẩm Da 30ml,4.8
615,422208910,Sữa Rửa Mặt Cetaphil Dịu Lành Cho Da Nhạy Cảm 1000ml (Mới),4.5
616,217300001,Bông Tẩy Trang Jomi 120 Miếng,4.1
621,422214339,Lotion Chấm Mụn Bye Bye Blemish Dành Cho Mụn Sưng Viêm 30ml,4.8
622,213300094,Sữa Chống Nắng Bioré Dịu Nhẹ Cho Trẻ Em 70ml,4.4
633,422210980,Combo 3 Gel Rửa Mặt La Roche-Posay Cho Da Dầu Nhạy Cảm 50ml,4.7
635,422222535,Thùng 30 Túi Bông Tẩy Trang Hotosu Cao Cấp 150 Miếng,4.7
643,204100078,Xịt Dưỡng Ẩm Eucerin Cho Da Nhạy Cảm 150ml,5.0
647,422205160,Hộp 10 Miếng Mặt Nạ Naruko Bạch Ngọc Lan Săn Chắc Da 30ml/M,4.9
651,318900009,"Serum Klairs Cấp Ẩm Cho Da Khô, Nhạy Cảm 80ml",4.6
652,211300005,Nước Tẩy Trang Simple Làm Sạch Trang Điểm 200ml,4.5
655,422205162,Hộp 10 Miếng Mặt Nạ Naruko Hoa Hồng Nhung Cấp Nước 25ml/M,4.9
665,422212331,Combo 2 Bông Tẩy Trang Hotosu Cao Cấp 150 Miếng,4.7
668,201100050,Miếng Dán Kích Mí Vacosi Hộp Vuông Size S 500 Miếng,20.0
670,100250032,Miếng Dán Mụn Mayan Ultra Thin Spot Plus 12+8 Miếng,4.7
673,248700002,Nước Dưỡng Da Naris Acmedica Dành Cho Da Mụn 150ml,4.5
676,207500007,Combo 3 Hộp Bông Tẩy Trang Silcot Cơ Bản 82 Miếng,4.9
679,422208327,Serum Caryophy Phục Hồi Và Tái Tạo Da 50ml (HSD: 06/2025),5.0
680,213300058,Miếng Dán Mũi Lột Mụn Bioré Than Hoạt Tính (4 Miếng),3.6
685,422219400,Kem Dưỡng Acnes Giảm Mụn Chuyên Sâu 20g,5.0
687,204100079,Xịt Dưỡng Ẩm Eucerin Cho Da Nhạy Cảm 50ml,5.0
691,422211840,Gel Rửa Mặt Garnier Vitamin C Sạch Sâu Dịu Nhẹ Sáng Da 120ml,5.0
692,249500028,Sữa Chống Nắng Sunplay Hiệu Chỉnh Sắc Da 50g (Xanh),4.8
696,422205819,Nước Tẩy Trang Nature Republic Từ Khoáng Chất 500ml,4.5
698,237800007,Bông Tẩy Trang Mihoo Bông Tròn Túi 150 Miếng,5.0
699,422205122,Serum B.O.M Từ 8 Loại Trà Làm Dịu & Cấp Ẩm Da 38ml,5.0
707,422203143,Gel Chống Nắng Sunplay Dưỡng Da Khi Vận Động Mạnh 30g,4.0
710,204100082,Gel Rửa Mặt Eucerin Làm Sạch Dịu Nhẹ Da Nhạy Cảm 200ml,5.0
711,422207655,Serum B.O.M Ngăn Ngừa Mụn Đỏ 30ml,5.0
715,201600182,Sữa Rửa Mặt Vichy Dạng Gel Làm Sạch Sâu & Giảm Nhờn 400ml,4.8
716,205100136,"Nước Tẩy Trang L'Oreal Dưỡng Ẩm Cho Da Thường, Khô 400ml",4.7
719,422209262,Combo Cocoon Tẩy Da Chết Cho Mặt & Toàn Thân Từ Cà Phê Đắk Lắk (200ml+150ml),5.0
720,422221764,Serum La Roche-Posay Giảm Thâm Nám & Dưỡng Sáng Da 30ml,4.7
721,365000013,"Mặt Nạ Foodaholic Vitamin A Sáng Da, Ngừa Lão Hóa 23g",4.6
725,422203671,Mặt Nạ Nghệ Hưng Yên Cocoon Giúp Da Rạng Rỡ Mịn Màng 30ml,4.9
726,248700102,Sữa Rửa Mặt Naris Nature Se Khít Lỗ Chân Lông 100g,4.6
728,310100003,"Kem Dưỡng Obagi Retinol 1.0% Trẻ Hóa Da, Ngừa Mụn 28g",4.8
731,208200021,Son Dưỡng Môi Vaseline Mềm Mịn 4.8g,48.0
736,422209443,Mặt Nạ Ngủ Môi Mediheal 10ml,4.3
737,253900002,"Kem Dưỡng Skin1004 Rau Má Dưỡng Ẩm, Phục Hồi Da 75g",4.8
754,331500002,Son Dưỡng LipIce Không Màu Chuyển Kem Mịn Hương Lựu 4.3g,35.0
755,422203173,"Kem Dưỡng Vichy Sáng Da, Mờ Thâm Nám Ban Đêm 50ml",5.0
763,422210280,Dưỡng Môi Đa Năng Pure Paw Paw Từ Đu Đủ Hương Dâu 25g,4.6
773,100100001,Sáp Dưỡng Ẩm Vaseline Original Healing Jelly 49g,4.8
774,256700002,Gel Nha Đam Milaganics Dưỡng Ẩm & Làm Mềm Da 300ml,4.8
775,422219399,"Serum Acnes B5 Tăng Cường Dưỡng Ẩm, Làm Dịu Da 25ml",5.0
781,248700062,Kem Dưỡng Ẩm Naris Alodew Chiết Xuất Lô Hội 97g,5.0
784,422203979,"Kem Dưỡng Ẩm Klairs Cho Da Khô, Nhạy Cảm 80ml",4.8
798,245500010,Tẩy Tế Bào Chết Rosette Cho Da Khô 180g,4.7
799,201600141,Sữa Rửa Mặt Vichy Dạng Gel Làm Sạch Sâu & Giảm Nhờn 200ml,4.8
800,422200621,Má Hồng Dạng Thạch Silkygirl Màu Hồng Đào 02 Lollipop 3g,40.0
816,367800168,Kem Nền Australis Siêu Nhẹ Tông Tự Nhiên #NaturalBuff 30ml,48.0
818,422200306,Kem Dưỡng Ẩm Neutrogena Cấp Nước Cho Da Dầu 50g,4.5
834,422202153,Nước Tẩy Trang Nivea Dưỡng Sáng Da 400ml,4.8
835,213300005,Sữa Chống Nắng Bioré Sáng Mịn Kiềm Dầu SPF 50+/PA++++ 30ml,5.0
837,422213312,Combo 2 Sữa Rửa Mặt Senka Dành Cho Da Mụn 100g,4.6
842,223600010,"Sữa Chống Nắng Senka Kiềm Dầu, Mịn Lì Cho Da Dầu 40ml",4.6
846,422208972,Sữa Rửa Mặt CeraVe Sạch Sâu Cho Da Thường Đến Da Dầu 236ml,4.9
861,225300002,Sữa Rửa Mặt Isis Pharma Giảm Nhờn Và Ngăn Ngừa Mụn 40ml,4.0
864,293500043,Gel Rửa Mặt SVR Không Chứa Xà Phòng Cho Da Dầu 55ml,4.8
871,422211240,Kem Dưỡng La Roche-Posay Giúp Phục Hồi Da Đa Công Dụng 40ml,4.8
874,223600048,Sữa Rửa Mặt Senka Dành Cho Da Mụn 100g,4.6
886,100230064,Nước Tẩy Trang Bioderma Dành Cho Da Dầu & Hỗn Hợp 250ml,4.9
895,422204904,Nước Tẩy Trang Garnier Làm Sạch Sâu Lớp Trang Điểm 400ml,4.7
917,422210047,"Toner Milaganics Hoa Cúc & AHA Ngừa Mụn, Giảm Dầu 500ml",4.6
925,100230056,Nước Tẩy Trang Bioderma Dành Cho Da Nhạy Cảm 100ml,4.9
933,422206583,Nước Tẩy Trang Bioré Hoàn Hảo Sạch Nhờn 400ml,5.0
942,422214340,"Lotion Chấm Mụn Bye Bye Blemish Cho Mụn Trắng, Sưng Đỏ 30ml",4.8
947,308100023,Dầu Tẩy Trang Cocoon Chiết Xuất Hoa Hồng 140ml,4.9
955,422219813,Bộ Sản Phẩm La Roche-Posay Giúp Phục Hồi & Làm Dịu Da 2 Món,4.8
967,422203510,"Sữa Rửa Mặt Hatomugi Ý Dĩ Hỗ Trợ Ngừa Mụn, Sáng Da 130g",4.5
969,204900128,Combo 2 Gel Rửa Mặt La Roche-Posay Cho Da Dầu Nhạy Cảm 50ml,4.7
970,422201700,Mặt Nạ Some By Mi Đất Sét Trà Xanh Thu Nhỏ Lỗ Chân Lông 100g,4.4
975,351700026,Mặt Nạ Tẩy Tế Bào Chết Huxley Cho Da Mịn Màng Sạch Sâu 30g,4.5
982,422210957,Dầu Tẩy Trang Kosé Softymo Dưỡng Sáng Da 230ml,5.0
984,248700052,Dầu Tẩy Trang Naris Acne Grand Dành Cho Da Mụn 100ml,4.9
989,225200013,Mặt Nạ Ngủ Môi Care:Nel Chiết Xuất Quả Mọng 5g,4.8
993,308500009,"Mặt Nạ Naruko Ý Dĩ Nhân Đỏ Se Lỗ Chân Lông, Sáng Da 25ml",4.9
997,204900056,"Gel Rửa Mặt La Roche-Posay Dành Cho Da Dầu, Nhạy Cảm 400ml",4.7
998,422202253,Mặt Nạ Naruko Ý Dĩ Nhân Đỏ Dưỡng Sáng Da 25ml (Mới),4.9
1000,422205164,Hộp 10 Miếng Mặt Nạ Naruko Ý Dĩ Nhân Đỏ Sáng Da Mới 25ml/M,4.9
1007,308500004,Mặt Nạ Naruko Tràm Trà Kiểm Soát Dầu Và Giảm Mụn 26ml,4.9
1012,308500037,Hộp 8 Miếng Mặt Nạ Naruko Tràm Trà Kiềm Dầu Giảm Mụn 26ml/M,4.9
1021,422221911,"Serum Acnes Lab C15 Dưỡng Sáng, Mờ Thâm, Ngừa Lão Hóa 15ml",5.0
1023,422207423,Combo 2 Sữa Rửa Mặt Cetaphil Dịu Nhẹ Không Xà Phòng 59ml,4.5
1037,100140042,Gel Dưỡng Ẩm Nature Republic Chiết Xuất Lô Hội 300ml,4.9
1041,422218631,Combo 2 Sữa Rửa Mặt Cetaphil Dịu Lành Cho Da Nhạy Cảm 125ml (Mới),4.5
1059,248700072,Sữa Rửa Mặt Naris Nature Dưỡng Sáng Da 100g,5.0
1070,422206421,Kem Chống Nắng Hatomugi Nâng Tông & Dưỡng Ẩm Da 70g,4.1
1081,422202629,"Serum Skin1004 Cấp Ẩm, Làm Dịu & Dưỡng Sáng Da 50ml",4.8
1083,422208328,"Serum oh!oh! Dưỡng Sáng Da, Giảm Thâm Nám 10ml",5.0
1086,222600052,Nước Tẩy Trang Bio-essence Không Cồn Sạch Sâu Da 100ml,5.0
1096,422203182,"Mặt Nạ BNBG Tràm Trà Giúp Thải Độc Da, Giảm Mụn 30ml",4.9
1097,422202216,Máy Rửa Mặt Emmié Hỗ Trợ Sạch Sâu Màu So Sweet (Limited),4.8
1098,204000059,Combo Xịt Khoáng Evoluderm Cấp Nước Cho Da 150ml & 400ml,4.6
1099,422206248,"Gel Rửa Mặt Simple Thanh Khiết, Giảm Bóng Nhờn 150ml",4.7
1102,422216098,Xịt Khoáng Evoluderm Cấp Nước & Làm Dịu Da 50ml,4.5
1110,365000018,"Mặt Nạ Foodaholic Vitamin K Se Lỗ Chân Lông, Làm Dịu Da 23g",4.6
1112,418800002,Serum 9Wishes Dưỡng Ẩm & Làm Căng Bóng Da 25ml,4.9
1124,256700017,"Serum Dưỡng Dài Mi Milaganics Dầu Dừa, Argan & Olive 5ml",4.9
1128,213300043,Khăn Tẩy Trang Bioré Dưỡng Ẩm 10 Miếng (Hồng),5.0
1146,357100004,Lotion Hatomugi Dưỡng Ẩm Và Làm Sáng Da 500ml,4.5
1151,365000019,Mặt Nạ Foodaholic Chiết Xuất Collagen Làm Săn Chắc Da 23g,4.6
1152,422203542,Nước Cân Bằng Cocoon Chiết Xuất Từ Nghệ Hưng Yên 140ml,4.3
1153,100190183,Nước Tẩy Trang Nivea Kiểm Soát Nhờn 200ml,4.8
1159,232500022,"Kem Dưỡng Mắt Meishoku Ngừa Lão Hóa, Giảm Quầng Thâm 30g",4.6
1168,245500002,Tẩy Tế Bào Chết Rosette Cho Da Khô 120g,4.7
1183,343100025,Kem Lót B.O.M Nâng Tông Da 40ml,40.0
1185,422205809,Mặt Nạ Nature Republic Chiết Xuất Cà Chua Sáng Da 23ml,4.6
1186,422204929,Giấy Thấm Dầu Mayan Oil Control Paper (200 Tờ/Gói),47.0
1193,422209053,"Serum Swiss Image Dưỡng Sáng Da, Giảm Xỉn Màu 30ml",5.0
1195,249400086,Chì Kẻ Mắt Silkygirl Màu Nâu 02 Black Brown 0.28g,29.0
1201,422209636,Combo 10 Mặt Nạ Foodaholic Arbutin Dưỡng Sáng Da 23mlx10,4.6
1204,204900025,"Nước Tẩy Trang La Roche-Posay Cho Da Dầu, Nhạy Cảm 400ml",4.5
1205,422209198,[Mini] Sữa Rửa Mặt CeraVe Cho Da Thường Đến Khô 20ml,5.0
1207,223600036,Chống Nắng Serum Senka 3 In 1 Dưỡng Sáng Da Nâng Tông 40g,4.4
1209,422214134,"Túi Refill Dung Dịch Hada Labo Dưỡng Ẩm Da Thường, Khô 170ml",5.0
1214,422206512,"Serum Teana Dưỡng Sáng Da, Mờ Thâm Nám 2ml x 10 Ống",5.0
1219,100250033,Miếng Dán Mụn Mayan Ultra Thin Spot 20+4 Miếng,4.7
1230,293500050,"Serum SVR Làm Giảm Mụn, Mờ Nám, Làm Mềm Mịn Da 30ml",4.7
1236,399200001,Tẩy Tế Bào Chết Môi BareSoul 20g,4.7
1238,386000015,"Mặt Nạ Mắt JMsolution Ngọc Trai Mờ Quầng Thâm, Nếp Nhăn 90g",4.8
1251,293500006,Gel Rửa Mặt SVR Không Chứa Xà Phòng Cho Da Dầu 200ml,4.8
1262,422209420,Kem Chống Nắng Cocoon Bí Đao Quang Phổ Rộng 50ml,4.6
1267,422210948,Nước Dưỡng Eucerin Làm Sáng Và Cấp Ẩm Cho Da 100ml,5.0
1277,422202362,"Sữa Rửa Mặt Hatomugi Tẩy Trang, Hỗ Trợ Sáng Da 130g",4.5
1287,352100011,Phấn Nền Lạnh AGE 20's Kim Cương Trắng Bạc No.21 12.5g,35.0
1288,226200017,Gel Giảm Mụn Acnes Đầu Trắng Và Đầu Đen 18g,4.3
1294,422203321,Gel Rửa Mặt Cocoon Chiết Xuất Từ Hoa Hồng 140ml,5.0
1309,204900024,Nước Tẩy Trang La Roche-Posay Dành Cho Da Nhạy Cảm 400ml,4.8
1311,386000044,Mặt Nạ JMsolution Trứng Cá Tầm Phục Hồi Tái Tạo Da 30ml,5.0
1312,100150091,Xịt Khoáng Evian Cấp Ẩm Và Làm Dịu Da 50ml,5.0
1324,422209841,"[Mini] Kem Dưỡng Obagi Retinol 1.0% Trẻ Hóa Da, Ngừa Mụn 5g",4.8
1331,223600026,"Nước Tẩy Trang Senka Ngừa Mụn, Kiểm Soát Nhờn 230ml",4.8
1345,422206645,Kem Dưỡng L'Oreal Paris Sáng Mịn Mờ Thâm Nám Ban Đêm 50ml,4.7
1346,308500013,Mặt Nạ Naruko Hoa Hồng Nhung Cấp Nước Cho Da 25ml,4.9
1348,422211195,Gel Rửa Mặt SVR Không Chứa Xà Phòng Cho Da Dầu Túi 400ml,4.8
1354,223600003,Sữa Rửa Mặt Senka Tạo Bọt Chiết Xuất Tơ Tằm Trắng 120g,4.4
1358,412800003,Máy Rửa Mặt Emmié Hỗ Trợ Sạch Sâu Màu Purple Don’t Lie,4.8
1363,253900005,Nước Hoa Hồng Skin1004 Phục Hồi Và Tái Tạo Da 210ml,4.8
1366,422211640,Bông Tẩy Trang Hotosu Cao Cấp 150 Miếng,4.7
1368,256700007,"Bột Trà Xanh Milaganics Kiểm Soát Nhờn, Ngăn Ngừa Mụn 100g",4.8
1371,422204576,Nước Tẩy Trang Chacott for Professionals 500ml,4.3
1384,422218099,Hộp 10 Miếng Mặt Nạ Wonjin Phục Hồi Chuyên Sâu 30g/M,4.8
1395,365000016,"Mặt Nạ Foodaholic Vitamin D Phục Hồi, Tái Tạo Da 23g",4.6
1403,422218629,Combo 2 Sữa Rửa Mặt Cetaphil Dịu Lành Cho Da Nhạy Cảm 500ml (Mới),4.5
1404,201600019,Serum Vichy 89 Khoáng Chất Phục Hồi Chuyên Sâu 50ml,4.9
1415,422207161,Bộ Sản Phẩm Hada Labo Dưỡng Sáng Da 3 Món,5.0
1426,422209705,"Mặt Nạ Banobagi Dưỡng Sáng, Se Lỗ Chân Lông (Nâu) 30g",4.8
1431,100150067,"Xịt Khoáng Avène Cấp Nước, Làm Dịu & Giảm Kích Ứng 300ml",5.0
1450,245500009,Tẩy Tế Bào Chết Rosette Cho Mọi Loại Da 180g,4.7
1454,206200079,Sữa Rửa Mặt Nivea Men Than Đen Hoạt Tính Sáng Da 100g,5.0
1470,365000012,"Mặt Nạ Foodaholic Chiết Xuất Tổ Yến Cấp Nước, Nâng Cơ 23g",4.6
1471,422207323,Sữa Chống Nắng La Roche-Posay Bảo Vệ Khỏi Tia UVA Dài 50ml,3.7
1475,358300003,"Nước Dưỡng Angel's Liquid Sáng Da, Mờ Thâm Nám 150ml",5.0
1476,248700075,Serum Naris Nature Dưỡng Sáng Da 30ml,4.8
1481,422200632,Gel Rửa Mặt SVR Không Chứa Xà Phòng Cho Da Dầu 400ml,4.8
1487,201600144,Sữa Rửa Mặt Vichy Dạng Gel Làm Sạch Sâu Da Dầu Mụn 50ml,4.8
1491,422204884,Combo 2 Nước Tẩy Trang Bí Đao Cocoon Làm Sạch & Giảm Dầu 500ml,4.9
1492,100230076,Nước Tẩy Trang Evoluderm Cho Da Khô Và Nhạy Cảm 500ml,4.0
1493,422211549,Combo 2 Kem Dưỡng Olay Luminous Sáng Da Mờ Thâm Nám Ban Ngày 50g,4.8
1495,422208238,Tinh Chất B.O.M Vàng 24K Làm Sáng Và Săn Chắc Da 30ml,5.0
1496,422203512,Phấn Phủ Silkygirl Khoáng Kiềm Dầu Dạng Nén Không Màu 7g,38.0
1500,224100004,"Dung Dịch Hada Labo Dưỡng Ẩm Tối Ưu Da Thường, Khô 170ml",5.0
1506,422205151,Kem Dưỡng Eucerin Sáng Da Ban Ngày 50ml,5.0
1509,418800004,"Serum 9Wishes Dưỡng Sáng Da, Giảm Thâm 25ml",4.9
1511,422206042,Sữa Rửa Mặt St.Ives Tẩy Tế Bào Chết Bơ & Mật Ong 170g,4.8
1514,100540031,Sáp Dưỡng Môi Vaseline Hồng Xinh 7g,46.0
1524,422207736,"Mặt Nạ Milaganics Tràm Trà Ngừa Mụn, Se Lỗ Chân Lông 60g",4.8
1531,225200015,Mặt Nạ Ngủ Môi Care:Nel Chiết Xuất Quả Mọng 23g,4.8
1541,422208183,Kem Chống Nắng Cell Fusion C Nâng Tông Da Tuýp 10ml,4.6
1552,232500001,Lotion Meishoku Bigansui Ngăn Ngừa Mụn 90ml,4.6
1558,422211389,Gel Rửa Mặt Bioderma Dành Cho Da Dầu & Hỗn Hợp 500ml,4.7
1561,422207865,Sữa Rửa Mặt Cetaphil Dịu Lành Cho Da Nhạy Cảm 125ml (Mới),4.5
1565,422203506,"Sữa Rửa Mặt Hatomugi Tạo Bọt Hỗ Trợ Dưỡng Ẩm, Sáng Da 160ml",4.5
1568,422220466,Combo 2 Nước Tẩy Trang Neutrogena Thanh Lọc Và Làm Sạch Sâu 400ml,4.8
1585,100220009,Sữa Rửa Mặt St.Ives Tẩy Tế Bào Chết Trà Xanh & Than Tre 170g,4.8
1589,422202045,Combo Tẩy Da Chết Mặt Cocoon Cà Phê Đắk Lắk 2x150ml,4.9
1591,100220010,Sữa Rửa Mặt St.Ives Tẩy Tế Bào Chết Trái Mơ Ngừa Mụn 170g,4.8
1601,422216596,Combo 2 Serum Vichy Giải Cứu Làn Da Tức Thì 10ml,5.0
1614,335100011,"Kem Rửa Mặt Oxy Sạch Khuẩn Mụn, Kiểm Soát Nhờn 100g",5.0
1619,245500001,Tẩy Tế Bào Chết Rosette Cho Mọi Loại Da 120g,4.7
1641,422208920,Kem Dưỡng Bioderma Cấp Ẩm Và Làm Dịu Cho Da Nhạy Cảm 40ml,5.0
1648,422207023,"Dung Dịch Hada Labo Dưỡng Ẩm Tối Ưu Da Thường, Khô 40ml",5.0
1662,422208975,Sữa Rửa Mặt CeraVe Cho Da Thường Đến Khô 473ml,4.9
1672,422201366,Sữa Dưỡng Ẩm Freeplus Dịu Nhẹ #1 Tươi Mát Da 100ml,4.8
1675,251900019,Mặt Nạ Rainbow L’affair Mật Ong Dưỡng Ẩm Da 25g,4.9
1678,422220080,"Combo 10 Mặt Nạ Sinh Học Emmié Phục Hồi, Dịu Da 23g",4.9
1680,422204659,Mặt Nạ Nghệ Hưng Yên Cocoon Giúp Da Rạng Rỡ Mịn Màng 100ml,4.9
1681,207500002,Combo 2 Hộp Bông Tẩy Trang Silcot Cao Cấp 66 Miếng,4.9
1682,200500293,[Mini] Mặt Nạ Ngủ Môi Laneige Hương Quả Mọng 3g,4.8
1685,230700047,Son Kem Lì 3CE Mịn Màng Như Nhung Child Like - Đỏ Cam 4g,28.0
1695,422206035,Kem Dưỡng Olay Ban Ngày Sáng Da Chống Tia UV SPF15 PA++ 50g,4.8
1715,422210954,Dầu Tẩy Trang Kosé Softymo Làm Sạch Nhanh 230ml,5.0
1722,422208157,Kem Chống Nắng Cell Fusion C Nâng Tông Da 50ml,4.6
1729,223600040,Kem Dưỡng Senka Sáng Da Chống Nắng Ban Ngày 50g,4.1
1737,206400009,Kem Dưỡng Olay Total Effects Ngừa Lão Hóa Da Ban Đêm 50g,4.6
1740,201600072,"Kem Chống Nắng Vichy Bảo Vệ, Giảm Lão Hóa 50ml",4.2
1761,204900145,Gel Rửa Mặt & Tắm La Roche-Posay Làm Sạch & Giảm Mụn 400ml,4.7
1775,204900080,[Mini] Kem Chống Nắng La Roche-Posay Kiểm Soát Dầu SPF50+ 3ml,5.0
1784,422202421,Nước Sữa Tẩy Trang Senka 2 Lớp Sạch Sâu & Dịu Mát 230ml,5.0
1807,422205346,Mặt Nạ Ngủ Môi Care:Nel Chiết Xuất Quả Lựu 5g,4.8
1810,422215412,Phấn Nước Lime Dưỡng Ẩm No.20 Skin Beige Da Trung Bình 20g,30.0
1816,422209046,Nước Hoa Hồng Swiss Image Cho Da Hỗn Hợp Và Da Dầu 200ml,5.0
1817,223600032,"Nước Dưỡng Da Senka Sáng Hồng, Mờ Thâm Sạm 200ml",4.7
1823,249400001,"Mascara Silkygirl Làm Dài Và Dày Mi, Ngăn Thấm Nước 5ml",30.0
1827,422210711,Sữa Chống Nắng Avène Quang Phổ Rộng Cho Da Dầu Mụn 50ml,5.0
1837,422219150,Kem Dưỡng Forencos Dầu Marula Dưỡng Sáng Da Ban Đêm 15g,5.0
1848,422214149,Combo 2 Sữa Rửa Mặt Simple Dưỡng Ẩm Cho Da Khỏe Và Mịn Màng 150ml,4.7
1861,222600057,Kem Dưỡng Bio-essence Dưỡng Da Tươi Sáng Căng Mọng 50g,4.8
1874,304900016,Mặt Nạ Đen Sexylook Hoa Cúc Giảm Mụn Sáng Da 28ml,4.9
1879,422206309,Son Kem Lì 3CE Mịn Nhẹ Macaron Red - Đỏ Tươi 4g,10.0
1885,206400019,Kem Dưỡng Olay Luminous Sáng Da Mờ Thâm Nám Ban Đêm 50g,4.8
1892,422208781,"Gel Mờ Sẹo Scarz Làm Phẳng, Đều Màu Da Chuyên Sâu 9g",5.0
1898,422212333,Combo 5 Bông Tẩy Trang Hotosu Cao Cấp 150 Miếng,4.7
1899,422203645,Combo Simple Chăm Sóc Cho Da Sạch Khỏe Đàn Hồi 3 Món,4.9
1921,422201693,"Sáp Dưỡng Môi Mentholatum Chuyên Biệt Cho Môi Khô, Nứt Nẻ 7g",30.0
1934,100180089,Kem Dưỡng Avène Giảm Khô Ngứa Cho Da Viêm Thể Tạng 200ml,4.7
1938,422201120,"Nước Tẩy Trang Caryophy Cho Da Dầu Mụn, Nhạy Cảm 500ml",4.7
1954,422213308,"Combo 2 Tinh Chất Bí Đao Cocoon Làm Giảm Mụn, Mờ Thâm 70ml",4.5
1962,367800005,Kem Lót Australis Cho Da Mụn 30ml,45.0
1970,343100009,Son Dưỡng B.O.M 02 Pure Red - Đỏ Tự Nhiên 4.5g,40.0
1975,422200182,"Mặt Nạ Derladie Cây Phỉ Giảm Mụn, Dưỡng Sáng Da 30ml",5.0
2003,422209635,Combo 10 Mặt Nạ Foodaholic Hyaluronic Acid Cấp Ẩm Đa Tầng 23mlx10,4.6
2004,205600398,"Mascara Maybelline Uốn Mi, Nâng Mi và Làm Dày Mi 8.6ml",39.0
2005,249400129,Phấn Phủ Khoáng Silkygirl No-Sebum Mineral Powder 5g,46.0
2008,422220606,Combo 2 Nước Tẩy Trang Garnier Dành Cho Da Dầu Và Mụn 400ml (Mới),4.7
2030,422214343,"Tinh Chất Peel Da Bye Bye Blemish Mờ Thâm, Mịn Da 30ml",5.0
2042,422218100,Hộp 10 Miếng Mặt Nạ Wonjin Dưỡng Sáng Da 30g/M,4.8
2058,248700032,"Kem Dưỡng Mắt Naris Cosmetics Sáng Da, Ngừa Nếp Nhăn 20g",4.2
2061,422216449,Combo Nước Tẩy Trang Simple Làm Sạch Trang Điểm 200ml+400ml,4.5
2069,422206644,Kem Dưỡng L'Oreal Paris Sáng Mịn Mờ Thâm Nám Ban Ngày 50ml,4.7
2071,422207799,Sữa Rửa Mặt Milaganics Tràm Trà Nano Nghệ Ngừa Mụn 135ml,4.6
2073,422204910,Nước Tẩy Trang Garnier Dành Cho Da Nhạy Cảm 400ml,4.7
2078,422206513,"Serum Teana Giảm & Ngừa Mụn Ẩn, Mụn Viêm 2ml x 10 Ống",5.0
2081,422200489,"Mascara Silkygirl 2 Đầu Làm Cong, Dày & Định Hình Mi",43.0
2084,365000015,Mặt Nạ Foodaholic Chiết Xuất Vitamin C Dưỡng Sáng Da 23g,4.6
2098,100230059,Nước Tẩy Trang Bioderma Dành Cho Da Dầu & Hỗn Hợp 100ml,4.9
2103,100150066,"Xịt Khoáng Avène Cấp Nước, Làm Dịu & Giảm Kích Ứng 150ml",5.0
2108,211300008,Sữa Rửa Mặt Simple Dưỡng Ẩm Cho Da Khỏe Và Mịn Màng 150ml,4.7
2115,100270008,Gel Dưỡng Mắt Bioderma Giúp Làm Dịu Và Cấp Ẩm Cho Da 15ml,4.8
2121,201100300,Chì Vặn Kẻ Mắt Vacosi Dạng Gel Màu Đen 5ml,25.0
2127,248700053,Sữa Rửa Mặt Naris Acne Grand Cho Da Dầu Mụn 100g,4.9
2197,200400038,"Kem Dưỡng Bioderma Hỗ Trợ Phục Hồi, Ngừa Thâm SPF50 30ml",4.5
2219,419200006,Sữa Dưỡng d program Dành Cho Da Mụn 100ml,5.0
2223,422216602,"Combo 2 Nước Tẩy Trang La Roche-Posay Cho Da Dầu, Nhạy Cảm 400ml",4.5
2231,422201448,"Serum Bio-essence Dưỡng Ẩm, Phục Hồi Da 30ml",5.0
2241,100180080,Kem Dưỡng Avène Hỗ Trợ Khôi Phục Hàng Rào Bảo Vệ Da 40ml,5.0
2252,100770031,Cọ Phủ Vacosi Bỏ Túi M10,48.0
2254,422206346,Chuốt Mi Browit Kéo Dài Và Cong Mi Dạng Đầu Lược 5.5g,48.0
2256,422204657,Nước Tẩy Trang Cocoon Bí Đao Làm Sạch & Giảm Dầu 140ml,4.9
2290,422200377,Kem Chống Nắng Bioderma Giảm Bóng Nhờn 40ml (Màu Light),4.4
2322,100150041,"Xịt Khoáng Vichy Làm Dịu, Củng Cố & Cấp Ẩm Cho Da 50ml",3.5
2329,367800161,Mascara Australis Làm Dày Mi Chống Thấm Nước Lâu Trôi 6g,44.0
2351,309300128,Chì Kẻ Mày Cathy Doll Siêu Mảnh 06 Nâu Cà Phê 0.05g,47.0
2355,422210231,Bảng Phấn Mắt Gogo Tales Màu 201 Rose Yam Purple 25 Ô,30.0
2363,249400009,Phấn Phủ Silkygirl Mịn Da SPF20 Màu Sáng 01 Ivory 10g,25.0
2368,249400079,Chì Kẻ Mày Silkygirl 2 Đầu Màu Đen 01 Soft Black 0.35g,43.0
2370,201100107,Phấn Má Hồng Vacosi 07 Candy Peach 5g,30.0
2371,422207874,Phấn Nước Aprilskin Siêu Mỏng Nhẹ Màu 22 Be Hồng 15g,40.0
2372,201600166,"Kem Dưỡng Vichy Ngừa Lão Hóa, Săn Chắc Da Ban Ngày 50ml",5.0
2374,422206823,Mặt Nạ Banobagi Bổ Sung Vitamin C Làm Sáng Da 30ml (Bạc),4.8
2376,422209489,Son Tint Black Rouge DL06 Woody Layer Đỏ Nâu Pha Cam 4.1g,40.0
2379,352100003,Phấn Tươi AGE 20's Dưỡng Da Che Phủ Tốt 21 Light Beige 14gx2 Lõi,35.0
2383,367800153,Son Lì Australis Mềm Mịn #Retro - Đỏ Cam 3.2g,47.0
2386,422214311,"Son Dưỡng LipIce Hương Trà Dâu, Màu Đỏ Cam 2.4g",49.0
2388,422209458,Son Kem Lì Black Rouge A06 Brick Red - Đỏ Đất 4.5g,46.0
2389,223600017,Sữa Rửa Mặt Senka Tẩy Trang 2 Trong 1 120g,5.0
2399,309300012,Kem Chống Nắng Cathy Doll Sáng Da SPF50/PA+++ 138ml,4.5
2401,249500002,Sữa Chống Nắng Sunplay Giải Nhiệt Da 30g,4.8
2404,201600074,Serum Vichy 89 Khoáng Chất Phục Hồi Chuyên Sâu 30ml,4.9
2410,412800002,Máy Rửa Mặt Emmié Hỗ Trợ Sạch Sâu Màu Sky Blue,4.8
2422,100150065,"Xịt Khoáng Avène Cấp Nước, Làm Dịu & Giảm Kích Ứng 50ml",5.0
2428,422206972,"Mặt Nạ Sinh Học Emmié Phục Hồi, Dịu Da 23g",4.9
2437,100540061,Son Dưỡng Môi Rebirth Nhau Thai Cừu Ngừa Khô Nứt Nẻ 3.7g,47.0
2439,343100005,Son Lì B.O.M #803 My Orange - Đỏ Cam 3.5g,44.0
2458,213300004,Sữa Chống Nắng Bioré Trang Điểm SPF 50+/PA++++ 30ml,5.0
2462,204100024,Toner Eucerin Dành Cho Da Nhờn Mụn 200ml,4.8
2476,3,,
2520,343100051,Mascara B.O.M Làm Dài & Cong Mi 01 Màu Đen 8g,42.0
2526,232100001,Son Dưỡng Môi DHC Không Màu Hỗ Trợ Giảm Thâm Môi 1.5g,47.0
2539,422207731,Bột Thảo Dược Milaganics Dưỡng Sáng Da 100g,5.0
2571,422211548,Combo 2 Kem Dưỡng Olay Luminous Sáng Da Mờ Thâm Nám Ban Đêm 50g,4.8
2576,422209605,"Combo 10 Mặt Nạ BNBG Tràm Trà Thải Độc Da, Giảm Mụn 30ml",4.9
2596,422203976,Serum Vichy 89 Khoáng Chất Phục Hồi Chuyên Sâu 75ml,4.9
2598,222600049,Nước Tẩy Trang Bio-essence Không Cồn Sạch Sâu Da 400ml,5.0
2611,422201119,"Nước Tẩy Trang Caryophy Cho Da Dầu Mụn, Nhạy Cảm 300ml",4.7
2612,422218132,Combo 2 Sữa Chống Nắng Sunplay Bảo Vệ Vượt Trội 30g,4.9
2614,422205181,Combo 2 Bông Tẩy Trang Ceiba 100% Chất Liệu Cotton 140 Miếng,4.7
2619,251900024,"Mặt Nạ Rainbow L'Affair Cấp Ẩm, Ngừa Lão Hóa Da 25ml",5.0
2637,422207148,Mặt Nạ Banobagi Dưỡng Sáng Và Chăm Sóc Da Mụn 30g (Hồng),4.8
2638,422207787,"Combo Mặt Nạ Banobagi Bổ Sung Collagen, Mờ Nám 30gx10",4.8
2647,422216293,"Mặt Nạ Foodaholic Niacinamide Dưỡng Sáng, Căng Bóng Da 23ml",5.0
2653,422209724,Combo Mặt Nạ Banobagi Cấp Ẩm Da Căng Bóng 30gx10,4.8
2662,422205808,Mặt Nạ Nature Republic Chiết Xuất Hoa Cúc Làm Dịu Da 23ml,4.6
2663,422204787,Mặt Nạ Mediheal Hỗ Trợ Dưỡng Da Sáng Mịn & Đều Màu 20ml,5.0
2665,345800008,Mặt Nạ Some By Mi Ngọc Trai Dưỡng Sáng Da 25g,4.9
2666,422205805,Mặt Nạ Nature Republic Chiết Xuất Lô Hội Làm Dịu Da 23ml,4.6
2675,365000020,Mặt Nạ Foodaholic Bột Kim Cương Dưỡng Sáng Da 23g,4.6
2678,253900009,"Mặt Nạ Skin1004 Làm Dịu, Ngừa Mụn Chiết Xuất Rau Má 25ml",4.8
2687,365000014,"Mặt Nạ Foodaholic Vitamin B Dưỡng Ẩm, Se Lỗ Chân Lông 23g",4.6
2692,422206100,Mặt Nạ Foodaholic Arbutin Dưỡng Sáng & Làm Đều Màu Da 23ml,4.6
2696,386000042,Mặt Nạ JMsolution Tổ Yến Dưỡng Ẩm Chuyên Sâu 30ml,5.0
2698,422205629,"Mặt Nạ Dưỡng Da Some By Mi Cica Giảm Kích Ứng, Dịu Da 20g",4.9
2711,386000008,"Mặt Nạ JMsolution Dưỡng Ẩm, Sáng Da Từ Ngọc Trai 30ml",4.8
2716,422204914,Mặt Nạ Garnier Vitamin C & Salicylic Acid Giảm Mụn 23g,5.0
2722,422205884,Kem Dưỡng Angel's Liquid Làm Mờ Nám Chuyên Sâu 50ml,4.0
2723,386000014,"Mặt Nạ Mắt JMsolution Mật Ong Mờ Quầng Thâm, Nếp Nhăn 90g",4.8
2737,100210014,Tẩy Da Chết Paula’s Choice 5% AHA Cho Da Thường Khô 50ml,5.0
2738,100140034,Mặt Nạ Ngủ Laneige Dưỡng Ẩm & Tăng Khả Năng Tự Vệ Da 70ml,4.0
2770,422206541,Sữa Rửa Mặt Eucerin Tạo Bọt Làm Sáng Da 50g,4.8
2784,422209671,Nước Tẩy Trang Simple Làm Sạch Trang Điểm Vượt Trội 400ml,4.5
2789,422221873,Combo 2 Sữa Chống Nắng Anessa Dưỡng Da Kiềm Dầu 60ml+20ml (Bản Mới 2024),4.9
2801,413400001,Bông Tẩy Trang Inci Cotton Pads 150 Miếng,4.5
2806,422207463,Bút Kẻ Mắt Nước Kissme Siêu Mượt Không Trôi Màu Đen 0.4ml,40.0
2813,422205375,"Gel Chấm Mụn Oxy Hỗ Trợ Sạch Mụn, Mờ Thâm 10g",5.0
2893,343100027,Kẻ Mắt Nước B.O.M Lâu Trôi Màu Nâu 02 Wonder Brown 0.5g,44.0
2907,422206785,Bút Kẻ Mắt Lemonade Siêu Mảnh 02 Brown Nâu Đậm 1g,47.0
2931,206400010,Kem Dưỡng Olay Total Effects Dịu Nhẹ Ngừa Lão Hóa Ban Ngày 50g,4.6
2951,422214147,"Combo 2 Gel Rửa Mặt Simple Thanh Khiết, Giảm Bóng Nhờn 150ml",4.7
2970,345800007,Mặt Nạ Some By Mi Hyaluronic Acid Dưỡng Ẩm Da 25g,4.9
2984,343100028,Nước Cân Bằng B.O.M Từ 8 Loại Trà Làm Dịu & Cấp Ẩm Da 150ml,5.0
3011,100280011,Gel Dưỡng Mắt Rebirth Ngăn Ngừa Nếp Nhăn & Quầng Thâm 30g,4.8
3022,204900155,Kem Chống Nắng La Roche-Posay Nâng Tông Sáng Ánh Hồng 30ml,5.0
3024,422216605,Kem Chống Nắng The Lab Nâng Tông Da SPF50+ PA++++ 40ml,5.0
3041,422207383,Bút Kẻ Mắt Nước Maybelline Sắc Mảnh BK1 Đen Sắc Sảo 0.4g,36.0
3042,422216896,Combo 2 Mặt Nạ innisfree Chăm Sóc Lỗ Chân Lông 100ml,5.0
3050,422205820,Nước Tẩy Trang Nature Republic Chiết Xuất AHA 500ml,4.5
3051,297700024,BB Trang Điểm Anessa Chống Nắng Dưỡng Da Màu Sáng 25ml,46.0
3063,331300017,Sữa Rửa Mặt Curél Dạng Bọt Dành Cho Da Dầu 150ml,4.5
3093,422214117,"Tẩy Da Chết Hóa Học Teana Dưỡng Da Căng Bóng, Giảm Mụn 30ml",4.8
3110,422207004,Phấn Phủ Silkygirl Dạng Bột Giảm Nhờn 02 Tông Tự Nhiên 10g,23.0
3111,248700107,Phấn Phủ Trang Điểm Naris Cosmetics 02 Light Beige 12g,45.0
3121,422217972,"Mặt Nạ Wonjin Cung Cấp Năng Lượng, Phục Hồi Chuyên Sâu 30g",4.8
3126,422211241,Kem Dưỡng La Roche-Posay Giúp Phục Hồi Da Đa Công Dụng 100ml,4.8
3130,422218829,Combo 10 Mặt Nạ BNBG Glutathione Dưỡng Sáng Da 30ml,5.0
3148,256700020,"Bột Diếp Cá Milaganics Giảm Mụn, Mờ Vết Thâm 100g",5.0
3154,422206101,Mặt Nạ Foodaholic Hyaluronic Acid Cấp Ẩm Đa Tầng 23ml,4.6
3155,422209094,Tinh Chất The Lab Dưỡng Ẩm Chuyên Sâu Cho Da 30ml,5.0
3167,422209795,Combo 2 Mặt Nạ Nghệ Hưng Yên Cocoon Dưỡng Da Mịn Màng 30ml,4.9
3190,422205637,Mặt Nạ Dưỡng Da Some By Mi AHA-BHA-PHA Tẩy Tế Bào Chết 20g,4.9
3220,422206149,Combo 4 Bông Tẩy Trang Ceiba 100% Chất Liệu Cotton 140 Miếng,4.7
3226,422216271,"Nước Tẩy Trang JMsolution Ceramide Cho Da Thường, Khô 500ml",4.9
3239,226200031,Dung Dịch Tạo Bọt Acnes Ngăn Ngừa Mụn 150ml,5.0
3257,422202168,Combo Hada Labo Kem Rửa Mặt & Lotion Dưỡng Ẩm Da Thường,5.0
3261,248700058,Sữa Rửa Mặt Và Tẩy Trang Naris Cosmetics Dưỡng Ẩm 100g,5.0
3265,422215665,Sữa Chống Nắng Cocoon Chiết Xuất Bí Đao Quang Phổ Rộng 50ml,4.8
3280,422205152,Kem Dưỡng Eucerin Làm Sáng Da Ban Đêm 50ml,5.0
3283,331300006,Sữa Dưỡng Da Curél Cấp Ẩm Chuyên Sâu 120ml,5.0
3285,225300001,Sữa Rửa Mặt Isis Pharma Giảm Nhờn Và Ngăn Ngừa Mụn 150ml,4.0
3288,422218283,Combo 2 Gel Rửa Mặt SVR Không Chứa Xà Phòng Cho Da Dầu 400ml/ Chai,4.8
3300,422207401,Sữa Rửa Mặt Hazeline Giảm Mụn Chiết Xuất Nghệ Hoa Cúc 100g,5.0
3366,226200009,Gel Rửa Mặt Acnes Giúp Kiểm Soát Nhờn 100g,5.0
3441,422201354,Dầu Tẩy Trang Freeplus Tinh Chất Serum Dịu Nhẹ 100ml,5.0
3455,422212892,[Mini] Gel Rửa Mặt Bioderma Dành Cho Da Dầu & Hỗn Hợp 45ml,4.7
3578,422210445,Sữa Rửa Mặt Senka Dưỡng Sáng Mờ Thâm 100g,4.5
3580,422217992,Mặt Nạ Wonjin Dưỡng Sáng Da 30g,4.8
3652,200900037,Sữa Rửa Mặt Cetaphil Dịu Lành Cho Da Nhạy Cảm 59ml,4.5
3671,422211119,Tinh Chất Chống Nắng Eucerin Nâng Tông & Dưỡng Sáng Da 30ml,5.0
3677,223600009,Gel Sữa Chống Nắng Senka Ẩm Mượt Cho Da Khô 80g,4.6
3701,422209722,"Combo Mặt Nạ Banobagi Kháng Viêm, Giảm Mụn 30gx10",4.8
3703,422209376,Combo 2 Son Dưỡng Cocoon Dầu Dừa Bến Tre 5g,48.0
3706,204100075,Nước Tẩy Trang Eucerin Dịu Nhẹ Cho Da Nhạy Cảm 200ml,5.0
3733,422200262,Gel Tẩy Tế Bào Chết Arrahan Hương Chanh 180ml,4.5
3753,293500010,Gel Rửa Mặt SVR Dành Cho Da Nhạy Cảm 200ml,5.0
3886,422202151,Nước Tẩy Trang Nivea Ngăn Ngừa Mụn 400ml,4.8
3898,204900005,[Mini] Nước Tẩy Trang La Roche-Posay Dành Cho Da Nhạy Cảm 50ml,4.8
3937,204900127,Combo 2 Xịt Khoáng La Roche-Posay Làm Dịu Và Bảo Vệ Da 50g,4.7
3941,422205888,Xịt Khoáng Cocoon Nghệ Hưng Yên Giúp Sáng Da 130ml,5.0
4063,205600273,Phấn Phủ Maybelline Mịn Lì Kiềm Dầu 110 Porcelain 8.5g,43.0
4069,422222135,Nước Cân Bằng Cocoon Sen Hậu Giang Làm Dịu Da Nhạy Cảm 310ml,5.0
4080,422218101,"Hộp 10 Miếng Mặt Nạ Wonjin Nâng Cơ, Trẻ Hóa Da 30g/M",4.8
4083,200500283,[Mini] Mặt Nạ Ngủ Môi Laneige Hương Quả Mọng 8g,4.8
4134,248700105,Sữa Rửa Mặt Naris Nature Cho Da Mụn Chiết Xuất Mù Tạt 100g,4.6
4194,422207020,Sữa Rửa Mặt The Lab Tạo Bọt Sạch Sâu & Dưỡng Ẩm Da 120ml,5.0
4201,422219315,Gel Rửa Mặt Bioderma Làm Sạch Sâu Và Giảm Mụn 200ml,5.0
4210,422202025,Tẩy Da Chết Mặt Cocoon Cà Phê Đắk Lắk 150ml,4.9
4250,223600039,"Kem Dưỡng Senka Sáng Da, Mờ Thâm Sạm Ban Đêm 50g",4.1
4259,350900001,Xịt Khoáng Dr Her Paris Làm Dịu Da 150ml,5.0
4271,422215608,Kem Dưỡng Curél Cấp Ẩm Sáng Mịn 40g,5.0
4329,422205807,Mặt Nạ Nature Republic Chiết Xuất Tre Cấp Nước 23ml,4.6
4342,226200007,Sữa Rửa Mặt Acnes Dưỡng Sáng Và Ngăn Ngừa Mụn 100g,5.0
4381,318900010,"Mặt Nạ Klairs Dưỡng Ẩm, Làm Dịu Da 25ml",4.6
4383,422205806,Mặt Nạ Nature Republic Chiết Xuất Hoa Hồng Cấp Ẩm Da 23ml,4.6
4534,422205635,Mặt Nạ Dưỡng Da Some By Mi Tràm Trà Làm Dịu Da Mụn 20g,4.9
4571,367800056,"Bảng Phấn Mắt Australis 20 Màu Dạng Lì, Ánh Nhũ 20g",47.0
4665,422214012,Kem Dưỡng d program Ngăn Ngừa Lão Hóa 45g,5.0
4673,422216295,"Mặt Nạ Foodaholic Glutathione Dưỡng Sáng, Đều Màu Da 23ml",5.0
4684,422211200,Tinh Chất Cocoon Bí Đao N15 Giảm Bóng Nhờn Và Giảm Mụn 70ml,5.0
4717,222600016,Sữa Rửa Mặt Bio-essence Cho Da Dầu & Hỗn Hợp 100g,5.0
4810,422200147,Kem Nền Maybelline Mịn Nhẹ Kiềm Dầu Chống Nắng #112 30ml,50.0
4822,100740010,"Mascara Maybelline Dài Mi và Cong Mi, Chuốt Mi Đen 9.2ml",43.0
4838,422209699,Kem Dưỡng Caryophy Cấp Ẩm Và Dưỡng Sáng Da 50ml,4.2
4879,422214148,Combo 2 Nước Tẩy Trang Simple Làm Sạch Trang Điểm Vượt Trội 400ml,4.5
4891,422206806,Tẩy Da Chết Môi Cocoon Từ Cà Phê Đắk Lắk (Không Hộp) 5g,4.3
5048,422210709,Gel Tẩy Tế Bào Chết Avène Dịu Nhẹ Cho Da Nhạy Cảm 75ml,5.0
5095,422212247,"Dung Dịch Hada Labo Dưỡng Sáng Da, Giảm Thâm Sạm 40ml",5.0
5140,422205810,Mặt Nạ Nature Republic Chiết Xuất Tràm Trà Giảm Mụn 23ml,4.6
5156,422203901,Bông Tẩy Trang Ceiba 100% Chất Liệu Cotton 140 Miếng,4.7
5177,201100053,Nhíp Lấy Mụn Vacosi Blackhead Tweezers T07,3.0
5208,367800049,Bút Kẻ Mắt Australis Siêu Mảnh Không Lem Không Trôi,48.0
5241,422200916,Mascara Australis Skinny Đầu Siêu Mảnh Làm Tơi Mi 3g,43.0
5257,422214000,[Mini] Kem Chống Nắng La Roche-Posay Kiểm Soát Dầu SPF50+ 15ml (Mới),3.3
5269,422215813,Bút Kẻ Mắt Nước Vacosi 24H Không Lem Màu Đen (Bản Mới) 0.6g,43.0
5290,222200007,Xịt Khoáng Uriage Dưỡng Ẩm Cho Mọi Loại Da 300ml,5.0
5335,422207794,"Mặt Nạ Banobagi Dưỡng Sáng, Săn Chắc Da 30gx10 Miếng",4.8
5357,422208764,Dầu Tẩy Trang Curél Cấp Ẩm Chuyên Sâu 150ml,5.0
5430,422206103,Mặt Nạ Foodaholic Retinol Giảm Mụn & Tái Tạo Da 23ml,4.6
5477,422201005,Kem Che Khuyết Điểm Silkygirl 02 Natural Tông Tự Nhiên 2ml,30.0
5480,207500003,Combo 2 Hộp Bông Đắp Dưỡng Silcot Miếng Đôi 40 Miếng,5.0
5491,422206102,Mặt Nạ Foodaholic Peptide Hỗ Trợ Trẻ Hoá & Mờ Nếp Nhăn 23ml,4.6
5514,422206798,"Combo 3 Mặt Nạ Caryophy Giảm Mụn, Thâm & Dưỡng Ẩm Da 22g",5.0
5515,422219286,"Combo 10 Mặt Nạ Wonjin Siêu Tinh Chất Nâng Cơ, Trẻ Hoá Da 27g",5.0
5583,249500001,Sữa Chống Nắng Sunplay Bảo Vệ Vượt Trội SPF81 PA++++ 30g,4.9
5587,100610004,Bút Cushion Che Khuyết Điểm Maybelline 120 Light 6ml,48.0
5619,422208859,Sữa Rửa Mặt Bio-essence Dưỡng Sáng Da 100g,4.0
5660,205600374,Phấn Phủ Maybelline Mịn Nhẹ Kiềm Dầu Chống Nắng 6g #112,43.0
5662,422209704,Mặt Nạ Banobagi Dưỡng Sáng Cấp Nước (Xanh Dương Đậm) 30g,4.8
5669,422207791,"Mặt Nạ Banobagi Dưỡng Sáng, Nâng Tông Da 30gx10 Miếng",4.8
5694,422215267,"Kem Dưỡng Skintific 5X Ceramide Cấp Ẩm, Phục Hồi Da 30g",4.5
5721,264500018,Xịt Khoáng DOLLANIA Cho Mọi Loại Da 150ml,4.3
5866,206200037,Nước Tẩy Trang Nivea Ngăn Ngừa Mụn 200ml,4.8
